{"cameraMode":{"drawMode":0,"name":"Shaded","section":"Shading Mode"},"sceneLighting":true,"audioPlay":false,"sceneViewState":{"showFog":true,"showMaterialUpdate":false,"showSkybox":true,"showFlares":true,"showImageEffects":true,"showParticleSystems":true},"in2DMode":false,"pivot":{"x":5.596615791320801,"y":2.890852928161621,"z":-5.558943748474121},"rotation":{"x":-0.19696681201457978,"y":-0.021472524851560594,"z":0.004312810022383928,"w":-0.9801743626594544},"size":11.271096229553223,"orthographic":false}