{"cameraMode":{"drawMode":0,"name":"Shaded","section":"Shading Mode"},"sceneLighting":true,"audioPlay":false,"sceneViewState":{"showFog":true,"showMaterialUpdate":false,"showSkybox":true,"showFlares":true,"showImageEffects":true,"showParticleSystems":true},"in2DMode":false,"pivot":{"x":28.006195068359376,"y":2.7752685546875,"z":4.689380645751953},"rotation":{"x":-0.1464221328496933,"y":0.06878773868083954,"z":-0.010207073763012886,"w":-0.9867749810218811},"size":66.11713409423828,"orthographic":false}