{"cameraMode":{"drawMode":0,"name":"Shaded","section":"Shading Mode"},"sceneLighting":true,"audioPlay":false,"sceneViewState":{"showFog":true,"showMaterialUpdate":false,"showSkybox":true,"showFlares":true,"showImageEffects":true,"showParticleSystems":true},"in2DMode":false,"pivot":{"x":33.51789855957031,"y":-102.69278717041016,"z":406.35638427734377},"rotation":{"x":0.1274602711200714,"y":-0.01339756976813078,"z":0.0017227035714313388,"w":0.9918270111083984},"size":449.2974548339844,"orthographic":false}