{"cameraMode":{"drawMode":0,"name":"Shaded","section":"Shading Mode"},"sceneLighting":true,"audioPlay":false,"sceneViewState":{"showFog":true,"showMaterialUpdate":false,"showSkybox":true,"showFlares":true,"showImageEffects":true,"showParticleSystems":true},"in2DMode":false,"pivot":{"x":33.185638427734378,"y":7.707868576049805,"z":54.99326705932617},"rotation":{"x":-0.011681771837174893,"y":-0.04049784690141678,"z":-0.0004498058697208762,"w":0.9991808533668518},"size":112.16252136230469,"orthographic":false}