{"cameraMode":{"drawMode":0,"name":"Shaded","section":"Shading Mode"},"sceneLighting":true,"audioPlay":false,"sceneViewState":{"showFog":true,"showMaterialUpdate":false,"showSkybox":true,"showFlares":true,"showImageEffects":true,"showParticleSystems":true},"in2DMode":false,"pivot":{"x":2.8941540718078615,"y":0.8113069534301758,"z":1.779402732849121},"rotation":{"x":-0.2219320833683014,"y":-0.011118309572339058,"z":0.0025307810865342619,"w":-0.9749969244003296},"size":10.344621658325196,"orthographic":false}